Symbol;Name;Price (Intraday);Volume;Avg Vol (3 month);Market Cap;PE Ratio (TTM)
NZYM-B.CO;Novozymes A/S;326.3;195451;418028;90.254B;25.02
TRYG.CO;Tryg A/S;131.7;422568;721517;82.011B;23.86
CHR.CO;Chr. Hansen Holding A/S;492.5;51758;130121;64.814B;37.14
DEMANT.CO;Demant A/S;264.2;126270;274734;59.165B;25.8
PNDORA.CO;Pandora A/S;663.4;138230;265194;56.084B;12.46
NOBLE.CO;Noble Corporation Plc;358;107010;68240;49.629B;23.51
KBHL.CO;Københavns Lufthavne A/S;5660;28;61;44.42B;158.19
ROCK-B.CO;Rockwool A/S;1836;17485;42299;39.518B;18.26
ROCK-A.CO;Rockwool A/S;1824;338;1423;39.437B;18.25
HLUN-B.CO;H. Lundbeck A/S;34.72;598384;807633;33.885B;14
JYSK.CO;Jyske Bank A/S;523.2;119536;105775;33.616B;8.42
HLUN-A.CO;H. Lundbeck A/S;30.88;49856;129402;32.939B;12.6
RBREW.CO;Royal Unibrew A/S;585.2;40124;75044;29.039B;20.03
SIM.CO;SimCorp A/S;729;52674;150709;28.722B;38.33
RILBA.CO;Ringkjøbing Landbobank A/S;1001;37556;22412;27.126B;17.54
TOP.CO;Topdanmark A/S;301;33663;74756;26.694B;21.33
AMBU-B.CO;Ambu A/S;96.02;322616;555980;25.858B;N/A
ISS.CO;ISS A/S;139.35;320539;381168;25.742B;13.52
GN.CO;GN Store Nord A/S;175.15;377849;537743;25.448B;33.43
NKT.CO;NKT A/S;384.8;39644;153531;20.627B;37.47
SYDB.CO;Sydbank A/S;333.2;104627;94559;18.793B;8.86
FLS.CO;FLSmidth & Co. A/S;320;37239;154031;18.156B;52.37
ALMB.CO;Alm. Brand A/S;10.73;608029;1.24M;16.535B;53.65
ALK-B.CO;ALK-Abelló A/S;74.25;279823;538736;16.409B;48.53
NETC.CO;Netcompany Group A/S;308.2;43816;157501;15.289B;26.48
TRMD-A.CO;TORM plc;174.2;240679;195920;14.698B;3.05
JDAN.CO;Jeudan A/S;256;565;2923;14.18B;6.27
DFDS.CO;DFDS A/S;242.2;40614;45626;13.607B;6.85
SPNO.CO;Spar Nord Bank A/S;111.3;71983;95720;13.224B;8.24
OSSR.CO;Össur hf.;30.9;10098;81718;12.987B;43.52
ZEAL.CO;Zealand Pharma A/S;218.6;80281;250740;12.769B;N/A
SCHO.CO;Aktieselskabet Schouw & Co.;537;17566;7957;12.633B;14.42
BAVA.CO;Bavarian Nordic A/S;149.05;400764;451435;11.591B;36.71
DNORD.CO;Dampskibsselskabet Norden A/S;329.2;101172;89446;10.737B;2.21
STG.CO;Scandinavian Tobacco Group A/S;118.1;28677;68482;10.23B;7.52
CHEMM.CO;ChemoMetec A/S;420;16807;60187;7.309B;37.57
NTG.CO;NTG Nordic Transport Group A/S;343;158560;30431;7.308B;16.23
PAAL-B.CO;Per Aarsleff Holding A/S;314;4269;15863;5.949B;10.07
UIE.CO;UIE Plc;184;921;3650;5.926B;4.28
VJBA.CO;Vestjysk Bank A/S;3.68;174066;220554;4.539B;12.27
TIV.CO;Tivoli A/S;758;516;567;4.333B;100.93
SOLAR-B.CO;Solar A/S;504;3615;6820;3.707B;5.84
MATAS.CO;Matas A/S;97.1;40305;115063;3.683B;13.21
NLFSK.CO;Nilfisk Holding A/S;127.8;23383;27214;3.467B;13.4
SPKSJF.CO;Sparekassen Sjælland-Fyn A/S;185;8496;9188;3.208B;9.25
SPG.CO;SP Group A/S;228.5;2363;5397;2.768B;13.81
CBRAIN.CO;cBrain A/S;141.2;12814;18267;2.762B;73.93
TRIFOR.CO;Trifork Holding AG;135;1651;6044;2.697B;27.44
LASP.CO;Lån & Spar Bank A/S;695;42;82;2.401B;8.51
DAB.CO;Danske Andelskassers Bank A/S;10.2;24140;17288;2.275B;10.3
HART.CO;Brødrene Hartmann A/S;313;14799;2438;2.164B;17.16
NNIT.CO;NNIT A/S;79.4;5451;19207;1.972B;N/A
AOJ-B.CO;Brødrene A & O Johansen A/S;82.2;6755;33210;1.775B;7.68
SAS-DKK.CO;SAS AB (publ);0.2431;4.311M;8.526M;1.771B;N/A
GREENH.CO;Green Hydrogen Systems A/S;9.4;121309;681733;1.765B;N/A
GUBRA.CO;Gubra A/S;92.49;434;4291;1.512B;342.56
GYLD-B.CO;Gyldendal A/S;358;65;22;1.5B;N/A
BNORDIK-CSE.CO;P/F BankNordik;154;4592;20900;1.474B;8.31
GYLD-A.CO;Gyldendal A/S;1450;6;2;1.465B;N/A
HH.CO;H+H International A/S;83.4;9961;33005;1.357B;6.5
SKJE.CO;Skjern Bank A/S;134.5;3653;3620;1.301B;7.56
BO.CO;Bang & Olufsen a/s;10.68;61782;137383;1.279B;N/A
NORTHM.CO;North Media A/S;62.2;1891;7042;1.155B;7.49
HUSCO.CO;HusCompagniet A/S;53.5;203746;28535;1.15B;5.14
GRLA.CO;GrønlandsBANKEN A/S;630;40;796;1.134B;10.49
FYNBK.CO;Fynske Bank A/S;148;26;1106;1.122B;16
PARKEN.CO;PARKEN Sport & Entertainment A/S;109.5;2131;4343;1.095B;6.26
DJUR.CO;Djurslands Bank A/S;398;34;497;1.081B;6.86
FLUG-B.CO;Flügger group A/S;344;5;280;1.031B;N/A
RTX.CO;RTX A/S;101.5;488;6131;833.194M;15.38
COLUM.CO;Columbus A/S;6.36;10409;45169;824.746M;25.44
PRIMOF.CO;Prime Office A/S;216;50;433;815.43M;8.3
MTHH.CO;MT Højgaard Holding A/S;106;674;1324;814.61M;6.27
FPILIM.CO;Formuepleje LimiTTellus;235.7;424;N/A;793.333M;7.5
FFARMS.CO;FirstFarms A/S;83;49;1359;785.203M;12.37
AQP.CO;Aquaporin A/S;71.6;204;1483;783.748M;N/A
TOTA.CO;Totalbanken A/S;220;1745;8444;718.667M;8.84
GABR.CO;Gabriel Holding A/S;380;100;236;718.2M;145.59
TCM.CO;TCM Group A/S;68.2;650;9616;711.913M;10.46
KRE.CO;Kreditbanken A/S;4100;15;19;703.343M;10.03
ESG.CO;Ennogie Solar Group A/S;23;5812;8539;652.814M;N/A
LOLB.CO;Lollands Bank A/S;560;55;229;604.8M;2.14
YOYO.CO;OrderYOYO A/S;6.5;11305;6738;580.269M;N/A
LUXOR-B.CO;Investeringsselskabet Luxor A/S;670;2;90;578.263M;8.55
PARKST-A.CO;Park Street A/S;10.8;155;648;565.009M;10.8
BIOPOR.CO;BioPorto A/S;1.384;795313;478067;525.445M;N/A
EGNETY.CO;EgnsINVEST Ejendomme Tyskland A/S;216;30;814;507.183M;N/A
STRINV.CO;Strategic Investments A/S;1.3;401;17546;441.61M;10
NRDF.CO;Nordfyns Bank A/S;264;472;1089;433.715M;10.34
MNBA.CO;Møns Bank A/S;203;414;430;406M;7.7
SHAPE.CO;Shape Robotics A/S;29;8825;27896;359.951M;N/A
FED.CO;Fast Ejendom Danmark A/S;137;3805;963;352.224M;3.75
ASTK.CO;Asetek A/S;6.22;400727;450404;325.889M;N/A
FOM.CO;FOM Technologies A/S;38.8;2202;3961;301.822M;117.58
HARB-B.CO;Harboes Bryggeri A/S;70.2;511;2209;296.431M;N/A
CPHCAP-ST.CO;Copenhagen Capital A/S;6.6;945;3445;295.686M;3.13
SMSMED.CO;Scandinavian Medical Solutions A/S;10.75;14462;41464;293.658M;17.92
BIF.CO;Brøndbyernes IF Fodbold A/S;0.508;36930;407880;289.729M;N/A
PENNEO.CO;Penneo A/S;8.44;11963;42294;278.046M;N/A
DIGIZ.CO;Digizuite A/S;8.6;3909;21134;274.727M;N/A
AGILC.CO;Agillic A/S;21.8;30;4764;241.152M;N/A
AGAT.CO;Agat Ejendomme A/S;2.01;372690;25157;236.744M;N/A
AGF-B.CO;AGF A/S;0.608;164015;157588;229.64M;30.4
SKAKO.CO;SKAKO A/S;73.5;725;2147;226.663M;9.48
SWISS.CO;Swiss Properties Invest A/S;101;100;84;224.725M;N/A
RBLN-B.CO;Roblon A/S;127;119;635;223.561M;N/A
SPENN.CO;SPENN Technology A/S;8.52;13477;19373;211.452M;N/A
RELE.CO;Relesys A/S;4.08;1467;2207;208.243M;N/A
HOVE.CO;Hove A/S;8.64;125768;95628;207.706M;28.8
KLEE-B.CO;Brd. Klee A/S;4060;2;1;205.237M;11.92
SIF.CO;Silkeborg IF Invest A/S;19.2;110;959;197.305M;2.29
CEMAT.CO;Cemat A/S;0.736;24612;48869;183.89M;9.2
GREENM.CO;GreenMobility A/S;40;28;3328;177.961M;N/A
HVID.CO;Hvidbjerg Bank A/S;103;800;1130;173.055M;1.4
MAPS.CO;Mapspeople A/S;2.44;5347;6788;143.6M;N/A
RISMA.CO;RISMA Systems A/S;6.55;1616;2078;142.096M;N/A
SIG.CO;Scandinavian Investment Group A/S;2.96;110;71786;140.75M;5.58
RIAS-B.CO;RIAS A/S;595;87;49;137.225M;9.95
GJ.CO;Glunz & Jensen Holding A/S;72;700;243;131.134M;10.91
TGAMES.CO;TROPHY GAMES Development A/S;4.25;6454;8623;130.658M;N/A
DONKEY.CO;DonkeyRepublic Holding A/S;7.15;33730;6133;125.028M;N/A
KONSOL.CO;Konsolidator A/S;6.05;17978;10623;123.876M;N/A
IMPERO.CO;Impero A/S;5.8;300;2017;119.916M;N/A
BACTIQ.CO;BactiQuant A/S;5.8;3930;8604;113.571M;N/A
EAC.CO;EAC Invest A/S;11400;4;4;113.441M;N/A
QINTER.CO;Q-Interline A/S;6.6;205;2507;97.55M;N/A
WMA.CO;WindowMaster International A/S;6.1;25816;16876;88.529M;610
WIRTEK.CO;Wirtek A/S;11.1;300;6035;82.831M;17.08
SAME.CO;Samesystem A/S;1.13;1160;79869;79.362M;N/A
MOVINN.CO;Movinn A/S;4.52;18733;11033;75.644M;N/A
AAB.CO;Aalborg Boldspilklub A/S;43.6;390;666;72.709M;N/A
VIRO.CO;ViroGates A/S;21;1340;1627;70.306M;N/A
MDUNDO.CO;Mdundo.com A/S;6.5;5974;5522;69.82M;N/A
DATA.CO;Dataproces Group A/S;2.03;13554;17877;62.309M;N/A
SBS.CO;Scandinavian Brake Systems A/S;18.5;987;5822;59.904M;N/A
ASTRLS.CO;Astralis A/S;0.986;86549;99730;57.214M;N/A
STENO.CO;Stenocare A/S;3.95;8506;34703;56.512M;N/A
NEXCOM.CO;Nexcom A/S;3.36;210;15682;50.48M;N/A
ERRIA.CO;Erria A/S;4.44;3480;3786;48.234M;4.88
ACT.CO;DecideAct A/S;3.8;402;1863;45.708M;N/A
DAC.CO;Danish Aerospace Company A/S;4.12;10;2177;44.942M;22.89
ORPHA.CO;Orphazyme A/S;1.26;30527;370172;44.493M;N/A
IMAIL.CO;InterMail A/S;11.6;12;803;41.731M;8.92
ODICO.CO;Odico A/S;2.11;1530;21866;38.448M;N/A
NORD.CO;NORD.investments Fondsmæglerselskab A/S;1.83;6259;4351;37.731M;N/A
SCAPE.CO;Scape Technologies A/S;1.25;16442;17949;36.911M;N/A
HYDRCT.CO;Hydract A/S;1.7;8121;18919;35.635M;N/A
HYPE.CO;Hypefactors A/S;3.08;3405;3246;35.247M;N/A
ALEFRM.CO;Alefarm Brewing A/S;2.26;2307;12041;30.284M;N/A
NEWCAP.CO;Newcap Holding A/S;0.24;41167;77588;30.124M;N/A
ROV.CO;Rovsing A/S;48.8;483;766;23.119M;N/A
NORDIC.CO;Nordic Shipholding A/S;0.051;70744;188504;20.713M;0.64
SLXIT.CO;Seluxit A/S;1.99;4226;3155;19.17M;N/A
ATLA-DKK.CO;P/F Atlantic Petroleum;4.205;11454;5518;15.55M;N/A
NTR-B.CO;NTR Holding A/S;6.2;252;1683;15.343M;N/A
BRAINP.CO;Brain+ A/S;0.339;1400;193912;15.005M;N/A
MONSO.CO;Monsenso A/S;0.401;502;50325;12.231M;N/A
LEDIBOND.CO;LED iBond International A/S;0.416;17509;13767;10.754M;N/A
VALUER.CO;Valuer Holding A/S;0.25;186009;60780;7.673M;N/A
CONFRZ.CO;Conferize A/S;0.0455;14000;252283;5.276M;N/A
HAPPY.CO;Happy Helper A/S;0.165;3032;72870;5.191M;N/A
DIOS.ST;Diös Fastigheter AB (publ);69.65;67350;289969;9.851B;N/A
IVSO.ST;Invisio AB (publ);212.5;16364;47359;9.688B;67.25
PLAZ-B.ST;Platzer Fastigheter Holding AB (publ);80.4;73017;54068;9.633B;N/A
CRED-A.ST;Creades AB;70.6;51996;76924;9.585B;20.11
FPAR-A.ST;FastPartner AB (publ);48.7;45168;79221;9.574B;N/A
FAG.ST;Fagerhult Group AB;53.9;74975;193167;9.494B;15.18
SF.ST;Stillfront Group AB (publ);18.31;355021;1.088M;9.481B;32.69
XVIVO.ST;Xvivo Perfusion AB (publ);312;17929;30703;9.329B;339.13
INTRUM.ST;Intrum AB (publ);76.96;238500;947750;9.277B;N/A
FPAR-D.ST;FastPartner AB (publ);53.4;5840;12645;9.221B;N/A
VOLO.ST;Volati AB (publ);101.4;8407;28209;9.034B;21.35
CORE-B.ST;Corem Property Group AB (publ);7.2;513349;1.47M;8.992B;N/A
VOLO-PREF.ST;Volati AB (publ);606;2655;999;8.94B;127.85
CORE-D.ST;Corem Property Group AB (publ);154.6;4523;13888;8.86B;N/A
SKIS-B.ST;SkiStar AB (publ);112.4;36038;57897;8.809B;22.21
CORE-A.ST;Corem Property Group AB (publ);7.5;2480;7742;8.729B;N/A
MTG-B.ST;Modern Times Group MTG AB (publ);69.8;187501;248101;8.711B;18.32
MTG-A.ST;Modern Times Group MTG AB (publ);70;5;449;8.605B;18.62
BONEX.ST;Bonesupport Holding AB (publ);131.3;143478;173560;8.542B;N/A
BOOZT.ST;Boozt AB (publ);127.1;29274;85781;8.458B;44.13
ALIG.ST;Alimak Group AB (publ);76.4;36033;87836;8.162B;13.08
FOI-B.ST;Fenix Outdoor International AG;610;4318;2061;8.13B;50.41
AQ.ST;AQ Group AB (publ);443;3968;31824;8.104B;14.51
SECARE.ST;Swedencare AB (publ);48.7;60090;240471;7.73B;79.84
SHOT.ST;Scandic Hotels Group AB (publ);40.1;462409;979730;7.671B;13.02
NMAN.ST;Nederman Holding AB (publ);202;5682;7688;7.319B;19.57
COIC.ST;Concentric AB (publ);190.8;9578;22942;7.287B;14.18
OP-PREF.ST;Oscar Properties Holding AB (publ);1450;64;10;7.082B;500
SBB-B.ST;Samhällsbyggnadsbolaget i Norden AB (publ);4.315;30.22M;66.486M;7.072B;N/A
SBB-D.ST;Samhällsbyggnadsbolaget i Norden AB (publ);4.098;2.395M;3.006M;7.052B;N/A
INWI.ST;Inwido AB (publ);118.8;96098;103822;6.887B;8.96
BFG.ST;Byggfakta Group Nordic HoldCo AB (publ);31.6;4717;23079;6.84B;83.16
COLL.ST;Collector Bank AB;32.95;40143;82485;6.767B;5.55
CIBUS.ST;Cibus Nordic Real Estate AB (publ);115.75;74543;272414;6.626B;30.62
ALM.ST;ALM Equity AB (publ);490;138;114;6.448B;N/A
ALM-PREF.ST;ALM Equity AB (publ);82.2;15088;11147;6.341B;N/A
SVOL-A.ST;Svolder AB (publ);92;11;199;6.265B;N/A
XANO-B.ST;XANO Industri AB (publ);108;4300;16789;6.262B;31.67
SVOL-B.ST;Svolder AB (publ);58.35;59670;127765;6.133B;N/A
SYNSAM.ST;Synsam AB (publ);40.95;28155;73754;6.104B;24.67
MEKO.ST;Meko AB (publ);107.6;18470;37727;6.062B;14.44
KAMBI.ST;Kambi Group plc;194.9;30812;52025;5.92B;21.18
SLP-B.ST;Swedish Logistic Property AB;28.4;5052;29656;5.815B;24.07
ALLIGO-B.ST;Alligo AB (publ);112.4;19724;35855;5.674B;1.4
CLAS-B.ST;Clas Ohlson AB (publ);85.6;104066;103858;5.423B;30.04
ACAD.ST;AcadeMedia AB (publ);49.98;28419;84807;5.288B;9.86
KAR.ST;Karnov Group AB (publ);48.9;46424;118586;5.286B;94.04
CLA-B.ST;Cloetta AB (publ);18.37;269396;551872;5.243B;13.92
CALTX.ST;Calliditas Therapeutics AB (publ);97.5;156967;287156;5.233B;N/A
NAVIGO-PREF.ST;Navigo Invest AB (publ);117.5;426;1456;5.218B;N/A
NOTE.ST;NOTE AB (publ);176.9;33135;64222;5.127B;17.29
ATT.ST;Attendo AB (publ);31.6;54468;163382;5.085B;351.11
BTS-B.ST;BTS Group AB (publ);261;289;12347;5.057B;26.28
STEF-B.ST;Stendörren Fastigheter AB (publ);176.4;1288;9340;5.015B;N/A
MMGR-B.ST;Momentum Group AB (publ);101.5;9323;56336;4.973B;31.52
RESURS.ST;Resurs Holding AB (publ);24.86;208956;345633;4.972B;6.49
VBG-B.ST;VBG Group AB (publ);197.4;28764;22497;4.936B;11.38
CEVI.ST;CellaVision AB (publ);206;4052;11324;4.913B;42.13
GOTL-A.ST;Rederiaktiebolaget Gotland (publ);1960;6;8;4.9B;15.51
GOTL-B.ST;Rederiaktiebolaget Gotland (publ);1930;16;21;4.825B;15.27
PCELL.ST;PowerCell Sweden AB (publ);89.72;155364;198319;4.678B;N/A
NORVA.ST;Norva24 Group AB (Publ);25.6;13716;113647;4.677B;29.43
COOR.ST;Coor Service Management Holding AB;48.54;79943;145881;4.611B;24.39
MCAP.ST;MedCap AB (publ);311;4499;11684;4.605B;35.14
ABSO.ST;Absolent Air Care Group AB (publ);402;43;1558;4.551B;28.67
ORES.ST;Investment AB Öresund (publ);102.4;12896;18341;4.55B;N/A
KFAST-B.ST;K-Fast Holding AB (publ);20.9;22173;81028;4.5B;13.06
ENQ.ST;EnQuest PLC;2.366;3.229M;2.098M;4.462B;N/A
DUNI.ST;Duni AB (publ);94.1;40553;66156;4.423B;29.78
HEBA-B.ST;Heba Fastighets AB (publ);26.75;1736;32011;4.417B;N/A
EPEN.ST;Ependion AB;151.2;7757;29758;4.376B;20.43
GREEN.ST;Green Landscaping Group AB (publ);75.4;7990;18804;4.267B;19.89
BERG-B.ST;Bergman & Beving AB (publ);155.8;6654;53168;4.15B;20.91
KNOW.ST;Knowit AB (publ);145;32527;72874;3.974B;12.14
FG.ST;Fasadgruppen Group AB (publ);79.7;40458;40480;3.955B;13.93
TEQ.ST;Teqnion AB (publ);243;18184;24978;3.954B;34.13
VPLAY-B.ST;Viaplay Group AB (publ);49.58;1.689M;1.794M;3.924B;N/A
LINC.ST;Linc AB;66.8;6977;15451;3.868B;17.77
RVRC.ST;RVRC Holding AB (publ);33.96;23177;143927;3.835B;15.3
VPLAY-A.ST;Viaplay Group AB (publ);70;12;650;3.799B;N/A
ELAN-B.ST;Elanders AB (publ);104.8;5738;12537;3.705B;11.09
SFAST.ST;Stenhus Fastigheter i Norden AB (publ);9.98;4555;125856;3.699B;N/A
HUMBLE.ST;Humble Group AB (publ);8.24;619563;969857;3.635B;N/A
NWG.ST;Nordic Waterproofing Holding AB (publ);149.4;15028;48256;3.584B;15.32
VESTUM.ST;Vestum AB (publ);9.4;177349;471681;3.54B;17.42
TRAC-B.ST;AB Traction;239;445;949;3.535B;17.74
ACQ-SPAC.ST;ACQ Bure AB (publ);100;5200;29708;3.5B;322.58
LIME.ST;Lime Technologies AB (publ);262;1330;6797;3.48B;46.21
CS.ST;CoinShares International Limited;51.5;30685;18999;3.458B;0.97
TFBANK.ST;TF Bank AB (publ);160.8;5930;5645;3.457B;9.88
MILDEF.ST;MilDef Group AB (publ);85.9;40696;94724;3.424B;110.13
SCST.ST;Scandi Standard AB (publ);52;21886;65990;3.397B;18.91
BHG.ST;BHG Group AB (publ);18.76;331733;828549;3.362B;N/A
HANZA.ST;Hanza AB (publ);83.3;38164;120517;3.343B;19.65
PRFO.ST;Profoto Holding AB (publ);82.4;35507;9867;3.296B;15.7
TDVOX.ST;Tobii Dynavox AB (publ);31.3;87023;122338;3.282B;57.96
NP3-PREF.ST;NP3 Fastigheter AB (publ);25.55;25894;18971;3.259B;0.7
AMBEA.ST;Ambea AB (publ);36.24;254668;227146;3.246B;9.15
ORRON.ST;Orrön Energy AB (publ);11.05;2.734M;3.35M;3.158B;9.2
SYNACT.ST;SynAct Pharma AB;95.8;218733;96219;3.048B;N/A
BICO.ST;BICO Group AB (publ);43.06;147181;274371;3.039B;N/A
GENO.ST;Genovis AB (publ.);46.2;26656;63929;3.025B;68.96
VNV.ST;VNV Global AB (publ);23.04;146136;263032;3.018B;N/A
DUST.ST;Dustin Group AB (publ);26.46;57976;366862;3.015B;11.81
NYTTO.ST;Svenska Nyttobostäder AB (publ);23.8;16;1955;2.978B;N/A
STORY-B.ST;Storytel AB (publ);38.44;244047;158547;2.963B;N/A
GARO.ST;Garo Aktiebolag (publ);58.25;20123;57088;2.912B;33.29
REJL-B.ST;Rejlers AB (publ);130.5;6606;14636;2.885B;13.68
HOFI.ST;Hoist Finance AB (publ);32.2;84552;142291;2.876B;10.16
RENEW.ST;Re:NewCell AB (publ);75.5;24245;72779;2.821B;N/A
CTT.ST;CTT Systems AB (publ);217;962;10701;2.82B;32.2
SAS.ST;SAS AB (publ);0.385;7.423M;15.317M;2.797B;N/A
HNSA.ST;Hansa Biopharma AB (publ);52.95;185908;223919;2.777B;N/A
VIVA.ST;Viva Wine Group AB;30.95;205824;17622;2.749B;11.95
ARP.ST;Arctic Paper S.A.;39.25;119275;80336;2.72B;1.67
CINIS.ST;Cinis Fertilizer AB (publ);37.4;1938;11105;2.702B;N/A
ADDV-A.ST;ADDvise Group AB (publ);16.85;4423;34012;2.67B;29.56
TRIAN-B.ST;Fastighets AB Trianon (publ);16.95;7113;44569;2.67B;N/A
VEFAB.ST;VEF AB (Publ);2.55;279395;758811;2.657B;5.93
NIVI-B.ST;Nivika Fastigheter AB (publ);33.7;1180;7095;2.625B;N/A
BACTI-B.ST;Bactiguard Holding AB (publ);73.1;3309;12905;2.562B;N/A
GIGSEK.ST;Gaming Innovation Group Inc.;29.05;36610;53611;2.539B;N/A
CAT-B.ST;Catella AB (publ);28.45;24723;57093;2.513B;6.39
CAT-A.ST;Catella AB (publ);28.2;19;244;2.508B;6.34
RAY-B.ST;RaySearch Laboratories AB (publ);72.4;12699;69430;2.482B;106.47
ADDV-B.ST;ADDvise Group AB (publ);13.04;112050;462139;2.474B;23.29
EMIL-B.ST;Fastighetsbolaget Emilshus AB (publ);26.5;695;10227;2.461B;N/A
EAST.ST;Eastnine AB (publ);109.8;471;4854;2.438B;11.55
LYKO-A.ST;Lyko Group AB (publ);155;6946;2669;2.436B;60.31
PAGERO.ST;Pagero Group Ab (Publ);15.5;4181;52652;2.406B;N/A
EG7.ST;Enad Global 7 AB (publ);26.95;362940;629356;2.388B;N/A
CPAC-SPAC.ST;Creaspac AB (publ);95.2;33366;31208;2.38B;88.15
FMM-B.ST;FM Mattsson Mora Group AB (publ);54.4;647;9385;2.302B;12.77
M8G.ST;MGI - Media and Games Invest SE;14.32;100681;225505;2.28B;N/A
SEDANA.ST;Sedana Medical AB (publ);22.8;42911;288151;2.265B;N/A
JOMA.ST;John Mattson Fastighetsföretagen AB (publ);59.6;232;20539;2.259B;N/A
BONAV-B.ST;Bonava AB (publ);20.68;360884;372911;2.212B;11.36
BONAV-A.ST;Bonava AB (publ);20.2;1458;1477;2.203B;11.1
EWRK.ST;Ework Group AB (publ);127.2;5021;13158;2.199B;14.62
CINT.ST;Cint Group AB (publ);10.32;1.088M;2.074M;2.198B;N/A
AGROUP.ST;Arlandastad Group AB (publ);34.6;180;1227;2.189B;N/A
ITAB.ST;ITAB Shop Concept AB (publ);9.98;12418;25555;2.177B;8.99
TOBII.ST;Tobii AB (publ);18.65;63169;222314;2.133B;N/A
XBRANE.ST;Xbrane Biopharma AB (publ);72.8;52023;89737;2.127B;N/A
COPP-B.ST;Copperstone Resources AB;1.18;357678;1.649M;2.126B;N/A
IDUN-B.ST;Idun Industrier AB (publ);199.5;188;2290;2.123B;76.73
PACT.ST;Proact IT Group AB (publ);76.7;9560;60999;2.109B;12.62
KABE-B.ST;KABE Group AB (publ.);232;1110;2745;2.088B;8.84
NPAPER.ST;Nordic Paper Holding AB (publ);31;52360;193215;2.074B;3.69
PROB.ST;Probi AB (publ);180.5;76;866;2.057B;100.84
TRAIN-B.ST;Train Alliance Sweden AB (publ);25.9;3313;23094;2.05B;17.5
GPG.ST;Genova Property Group AB (publ);44.7;1;3442;2.039B;159.64
BMAX.ST;Byggmax Group AB (publ);33.82;108960;198458;1.983B;12.71
KLARA-B.ST;KlaraBo Sverige AB (publ);14.78;4888;58456;1.948B;N/A
EXS.ST;Exsitec Holding AB (publ);150;218;4528;1.933B;32.26
AJA-B.ST;Byggmästare Anders J Ahlström Holding AB (publ);263;1263;1532;1.917B;91
NOBI.ST;Nobia AB (publ);11.38;274466;347320;1.915B;N/A
CTM.ST;Catena Media plc;24.04;168553;320516;1.879B;11.03
STAR-B.ST;Starbreeze AB (publ);1.236;18.057M;10.814M;1.878B;N/A
STAR-A.ST;Starbreeze AB (publ);1.2;184487;167695;1.867B;N/A
DOXA.ST;Doxa AB (publ);4.02;147050;377516;1.833B;N/A
ARISE.ST;Arise AB (publ);40.9;51376;49844;1.818B;2.02
EOLU-B.ST;Eolus Vind AB (publ);70.95;12246;36054;1.767B;14.94
CDON.ST;CDON AB;162.2;937;3949;1.749B;N/A
LUMEN.ST;LumenRadio AB (publ);138;4527;17743;1.741B;43.53
NANOFS.ST;Nanoform Finland Oyj;22;4418;15763;1.725B;N/A
NORB-B.ST;Nordisk Bergteknik AB (publ);30;23322;60453;1.717B;10.83
ELOS-B.ST;Elos Medtech AB (publ);211;512;429;1.71B;18.27
BRIN-B.ST;Brinova Fastigheter AB (publ);17.45;108;23739;1.705B;N/A
TETY.ST;Tethys Oil AB (publ);52.5;77556;101174;1.701B;2.96
BULTEN.ST;Bulten AB (publ);79.7;27639;60723;1.673B;8.84
AROS.ST;Aros Bostadsutveckling AB (publ);34.2;2223;3843;1.657B;427.5
VICO.ST;Vicore Pharma Holding AB (publ);18.18;138344;306484;1.655B;N/A
NETI-B.ST;Net Insight AB (publ);4.6;362789;898136;1.634B;28.75
RROS.ST;Rottneros AB (publ);10.64;78018;121769;1.623B;3.69
NEOBO.ST;Neobo Fastigheter AB (publ);11.12;373441;1.338M;1.617B;0.91
SEYE.ST;Smart Eye AB (publ);46.04;60713;80015;1.609B;N/A
G5EN.ST;G5 Entertainment AB (publ);196.4;7940;21123;1.584B;24.99
SIVE.ST;Sivers Semiconductors AB (publ);6.8;269666;476503;1.57B;N/A
MAHA-A.ST;Maha Energy AB (publ);8.45;174430;240922;1.508B;N/A
FPIP.ST;Formpipe Software AB (publ);27.3;6941;27821;1.48B;85.31
ACAST.ST;Acast AB (publ);8.13;180384;190110;1.472B;N/A
CTEK.ST;CTEK AB (publ);20.7;4386;160855;1.449B;N/A
PREV-B.ST;Prevas AB;112;33228;51568;1.445B;11.64
CCC.ST;Cavotec SA;13.45;8119;8876;1.432B;N/A
HAYPP.ST;Haypp Group AB (publ);49;5121;26520;1.427B;60.49
ZZ-B.ST;Zinzino AB (publ);42.1;6080;20888;1.426B;17.76
HUM.ST;Humana AB (publ);28.7;159961;427759;1.373B;5.77
LUC.ST;Lucara Diamond Corp.;2.955;425265;136400;1.353B;5.47
LOGI-B.ST;Logistea AB (publ);9.56;40690;158470;1.333B;28.97
LOGI-A.ST;Logistea AB (publ);9.5;1522;2152;1.325B;29.69
W5.ST;W5 Solutions AB (publ);97;31113;39918;1.321B;78.23
MANG.ST;Mangold Fondkommission AB;2810;30;59;1.314B;N/A
SOLT.ST;SolTech Energy Sweden AB (publ);9.82;204259;531131;1.284B;N/A
SFAB.ST;Solid Försäkringsaktiebolag (publ);65.1;33673;36264;1.281B;7.78
DE.ST;Dala Energi AB (publ);51;1785;2356;1.263B;13.86
SNM.ST;ShaMaran Petroleum Corp.;0.41;1.288M;2.703M;1.263B;1.08
INISS-B.ST;Inission AB (publ);61.5;3555;16195;1.262B;16.31
DVYSR.ST;Devyser Diagnostics AB (publ);78;13743;4721;1.259B;N/A
OVZON.ST;Ovzon AB (publ);22.55;41274;23221;1.258B;N/A
QUIA.ST;QuiaPEG Pharmaceuticals Holding AB (publ);0.57;328503;547492;1.252B;N/A
SVED-B.ST;Svedbergs i Dalstorp AB (publ);35.4;7533;23810;1.25B;8.47
APAC-SPAC-A.ST;Aligro Planet Acquisition Company AB (publ);99.6;431;13530;1.245B;221.33
AEC.ST;Africa Energy Corp.;0.869;218391;644250;1.244B;N/A
AWRD.ST;Awardit AB (publ);142.2;16891;6624;1.232B;46.78
ENEA.ST;Enea AB (publ);56.7;19567;58184;1.224B;N/A
RUG.ST;RugVista Group AB (publ);58.8;3797;7260;1.222B;19.6
WBGR-B.ST;Wästbygg Gruppen AB (publ);37.6;1254;3854;1.216B;N/A
IAR-B.ST;IAR Systems Group AB (publ);88.7;3127;28991;1.211B;22.86
BESQ.ST;Besqab AB (publ);26;303;10567;1.203B;N/A
ELTEL.ST;Eltel AB (publ);7.64;314;30637;1.197B;N/A
IBT-B.ST;Infant Bacterial Therapeutics AB (publ);88.4;3261;20450;1.191B;N/A
JETPAK.ST;Jetpak Top Holding AB (publ);97;1321;3334;1.182B;13.45
SES.ST;Scandinavian Enviro Systems AB (publ);1.448;1.253M;1.667M;1.168B;N/A
BINV.ST;BioInvent International AB (publ);17.7;149966;99548;1.165B;N/A
BRE2.ST;Bredband2 i Skandinavien AB (publ);1.202;215022;1.573M;1.15B;17.17
MNTC.ST;Mentice AB (publ);44.5;507;14003;1.138B;N/A
THUNDR.ST;Thunderful Group AB;16.1;97729;235485;1.132B;8.61
BEGR.ST;BE Group AB (publ);86.7;6480;21436;1.126B;N/A
VSSAB-B.ST;Viking Supply Ships AB (publ);84.5;653;4786;1.123B;24.01
MSON-A.ST;Midsona AB (publ);9;588;96;1.109B;N/A
EGTX.ST;Egetis Therapeutics AB (publ);4.44;154252;508948;1.108B;N/A
MSON-B.ST;Midsona AB (publ);7.57;4300;159857;1.101B;N/A
ANNE-B.ST;Annehem Fastigheter AB;18.5;16460;24075;1.091B;N/A
GREAT.ST;Greater Than AB;84.2;96;3214;1.063B;N/A
FNM.ST;Ferronordic AB (publ);72;17529;47080;1.046B;4.46
ONEF.ST;Oneflow AB (publ);39.6;571;2165;1.043B;N/A
BORG.ST;Björn Borg AB (publ);41.4;4207;16186;1.041B;19.81
FNOVA-B.ST;Fortinova Fastigheter AB (Publ);20;1061;42140;1.027B;3.45
CHECK.ST;Checkin.Com Group AB (publ);34.6;796;10960;1.013B;N/A
FRACTL.ST;Fractal Gaming Group AB (publ);34.8;12047;21779;1.013B;33.46
SKMO.ST;Skåne-möllan AB (publ);91.4;464;393;1.005B;48.88
FLUO.ST;FluoGuide A/S;82.2;2553;4322;971.152M;N/A
CRAD-B.ST;C-Rad AB (publ);28.2;3328;44453;952.227M;76.22
BRG-B.ST;Bergs Timber AB (publ);27.1;22454;33302;939.633M;N/A
BALCO.ST;Balco Group AB;42.6;1258;12346;933.336M;13.19
K2A-B.ST;K2A Knaust & Andersson Fastigheter AB (publ);10.86;1288;34728;932.497M;N/A
MSAB-B.ST;Micro Systemation AB (publ);50.2;5262;7278;927.114M;41.15
PRIC-B.ST;Pricer AB (publ);8.27;375668;260848;912.719M;N/A
4C.ST;4C Group AB (publ);26.25;7612;14658;890.376M;31.63
FING-B.ST;Fingerprint Cards AB (publ);2.1;1.039M;3.474M;883.455M;N/A
DEDI.ST;Dedicare AB (publ);90.9;8123;37673;869.244M;8.58
B3.ST;B3 Consulting Group AB (publ);101.4;20389;34789;868.955M;9.62
BIOGAS.ST;Biokraft International AB;19.62;7033;10961;855.018M;N/A
SVIK.ST;Studsvik AB (publ);103.2;3844;7851;848.161M;14.35
ALCA.ST;Alcadon Group AB (publ);39;1228;24876;847.181M;21.55
SGG.ST;Sensys Gatso Group AB (publ);73.4;5184;8856;846.331M;N/A
CANTA.ST;Cantargia AB (publ);4.986;575101;1.01M;832.602M;N/A
DMYD-B.ST;Diamyd Medical AB (publ);9.54;46363;214154;818.954M;N/A
RAKE.ST;Raketech Group Holding PLC;19.34;23991;73686;818.451M;8.23
SOF-B.ST;Softronic AB (publ);15.6;8022;31747;814.699M;13
PROF-B.ST;ProfilGruppen AB (publ);110;554;1501;813.89M;14.23
SINT.ST;SinterCast AB (publ);112;798;3283;794.095M;24.62
CFISH.ST;Crunchfish AB (publ);23.85;11333;62573;787.985M;N/A
XSPRAY.ST;Xspray Pharma AB (publ);33.8;14108;16990;773.587M;N/A
DURC-B.ST;Duroc AB (publ);19.55;389;4526;763.623M;N/A
MINEST.ST;Minesto AB (publ);4.735;133408;245435;761.071M;N/A
BRAIN.ST;BrainCool AB (publ);4.71;476191;448468;755.602M;N/A
TRANS.ST;Transtema Group AB;18.3;32001;130891;752.968M;4.47
FLEXM.ST;Flexion Mobile Plc;13.35;8524;29330;749.943M;N/A
MAVEN.ST;Maven Wireless Sweden AB (Publ);14.45;21875;29145;749.475M;240.83
INT.ST;Intellego Technologies AB;28.9;337103;221076;741.129M;120.42
FOOT-B.ST;Footway Group AB (publ);1.395;103933;45284;736.08M;N/A
ONCO.ST;Oncopeptides AB (publ);8.08;141404;398473;729.998M;N/A
NAXS.ST;NAXS AB (publ);65.8;3256;2567;728.906M;7.82
FOOT-PREF.ST;Footway Group AB (publ);45.4;477;664;719.694M;N/A
GAPW-B.ST;Gapwaves AB (publ);22.55;3177;12247;702.349M;N/A
UPSALE.ST;Upsales Technology AB (publ);40.9;793;10055;699.979M;27.27
ARPL.ST;Arla Plast AB;33.6;304;2727;672M;18.06
KJELL.ST;Kjell Group AB (publ);21.5;10596;7715;669.757M;12.29
CAG.ST;CAG Group AB (publ);93;1586;3151;666.587M;12.65
ACCON.ST;Acconeer AB (publ);24.8;7933;48090;660.617M;N/A
NIL-B.ST;Nilörngruppen AB;56.9;6648;16807;648.774M;11.31
FIRE.ST;Firefly AB (publ);108;835;2321;648.151M;24.16
BOAT.ST;Nimbus Group AB (Publ);29.9;10322;11524;637.336M;6.46
SKOLON.ST;Skolon AB (publ);24.1;297;1588;635.095M;N/A
SEAF.ST;Seafire AB (publ);14.45;4017;71452;630.39M;N/A
KAPIAB.ST;Kallebäck Property Invest AB (publ);172;319;1864;627.8M;11.51
MERIS.ST;Meriaura Group Oyj;0.772;7600;99197;617.679M;N/A
ADTR.ST;Adtraction Group AB;36.8;1053;3151;611.248M;30.92
ORX.ST;Orexo AB (publ);17.72;17792;83356;609.848M;N/A
PAX.ST;Paxman AB (publ);31.5;300;6935;598.894M;N/A
SANION.ST;Saniona AB (publ);9.22;286952;585762;575.196M;N/A
NETEL.ST;Netel Holding AB (publ);11.8;21952;86262;572.44M;7.52
QLIRO.ST;Qliro AB (publ);29.6;10263;34990;564.561M;N/A
MIDW-A.ST;Midway Holding AB (publ);20.8;310;66;563.172M;9.45
MIDW-B.ST;Midway Holding AB (publ);20.5;4522;3166;563.094M;9.28
STIL.ST;Stille AB;112;201;1099;561.51M;24.62
ITECH.ST;I-Tech AB;46.9;4179;12890;558.509M;32.8
SLEEP.ST;Sleep Cycle AB (publ);27.4;2916;11100;555.606M;16.31
PIERCE.ST;Pierce Group AB (publ);6.98;701;13878;554.031M;N/A
GENI.ST;Generic Sweden AB;45;9377;11428;553.14M;25.86
CX.ST;CombinedX AB (publ);31.9;2284;2418;545.783M;13.87
SPEC.ST;SpectraCure AB (publ);5.58;57949;65918;541.994M;N/A
ATIN.ST;Athanase Innovation AB (publ);19.3;60;52252;541.448M;0.02
PRO.ST;Promimic AB (publ);29.3;9665;33866;539.773M;N/A
ACE.ST;Ascelia Pharma AB (publ);15.72;33920;51232;530.122M;N/A
READ.ST;Readly International AB (publ);13.68;4581;12940;518.536M;N/A
BOKUS.ST;Bokusgruppen AB (publ);31.9;450;3029;515.223M;67.87
ACRI-B.ST;Acrinova AB (publ);7.18;40;13373;512.16M;8.97
ACRI-A.ST;Acrinova AB (publ);8;11;1341;511.136M;10
NTEK-B.ST;Novotek AB;47.9;2406;3547;507.74M;16.63
IMPC.ST;Impact Coatings AB (publ);5.78;6205;36413;505.673M;N/A
PSCAND.ST;Permascand Top Holding AB (publ);8.32;22516;44943;493.488M;7.5
BIOWKS.ST;Bio-Works Technologies AB (publ);13.55;2314;22078;476.446M;N/A
ZORDIX-B.ST;Zordix AB (publ);10.98;1670;48569;470.671M;N/A
ENZY.ST;Enzymatica AB (publ);2.84;1772;42292;466.49M;N/A
SALT-B.ST;SaltX Technology Holding AB (publ);3.8;376046;202421;460.188M;N/A
CBTT-B.ST;Christian Berner Tech Trade AB (publ);24.3;12880;12205;454.094M;15.09
VERT-B.ST;Vertiseit AB (publ);22.1;1898;10336;446.214M;45.1
KDEV.ST;Karolinska Development AB (publ);1.644;25608;173498;443.605M;N/A
ELON.ST;Elon AB (publ);29.8;1252;2978;442.837M;N/A
FERRO.ST;Ferroamp AB (publ);14.24;211895;120516;439.617M;N/A
AGES-B.ST;AGES Industri AB (publ);62.5;2025;4881;439.311M;13.13
RAIL.ST;Railcare Group AB (publ);18.2;2983;6643;439.06M;11.17
SEZI.ST;Senzime AB (publ);5.01;59911;182115;438.989M;N/A
BIOVIC-B.ST;Biovica International AB (publ);9.54;180728;165082;436.373M;N/A
QUART.ST;Quartiers Properties AB (publ);7.56;8470;9802;436.189M;N/A
MAGI.ST;MAG Interactive AB (publ);16.3;2910;21064;431.868M;N/A
OSSD.ST;OssDsign AB (publ);6.04;89467;120671;430.912M;N/A
ADVE.ST;Advenica AB (publ);9.78;7980;27626;430.182M;36.22
ENRO.ST;Eniro Group AB (publ);0.58;125824;1.808M;423.404M;5.27
ORGC.ST;OrganoClick AB (publ);4.3;18974;34981;421.185M;N/A
MOBA.ST;M.O.B.A. Network AB (publ);18.55;5947;3271;420.766M;26.88
IRLAB-A.ST;IRLAB Therapeutics AB (publ);8.06;17547;24768;418.059M;N/A
CI.ST;Cell Impact AB (publ);5.51;53738;262601;417.806M;N/A
OPTER.ST;Opter AB (publ);69.5;582;1803;417M;38.19
BOTX.ST;Botnia Exploration Holding AB (publ);10.5;25093;27317;415.523M;N/A
ACUVI.ST;Acuvi AB;16.06;14370;56454;411.624M;N/A
NIO.ST;Nordic Iron Ore AB (publ);11;19449;46394;408.486M;N/A
MVIR.ST;Medivir AB (publ);7.3;973;29390;407.503M;N/A
BOUL.ST;Boule Diagnostics AB (publ);10.46;16261;22102;406.194M;21.35
BIM.ST;BIMobject AB;2.89;544040;72064;405.314M;N/A
QAIR.ST;QleanAir AB (publ);27.2;9689;58759;404.17M;41.85
DORO.ST;Doro AB (publ);16.55;654;15355;402.599M;10.82
CARE.ST;Careium AB (Publ);16.55;14985;9342;402.599M;33.78
IVACC.ST;Intervacc AB (publ);5.24;700195;461013;396.858M;N/A
SPEQT.ST;Speqta AB (publ);16.38;7194;133617;396.612M;N/A
CLIME-B.ST;Climeon AB (publ);4.17;147663;112201;396.588M;N/A
KAN.ST;Kancera AB (publ);4.865;531968;335101;396.526M;N/A
EMBELL.ST;Embellence Group AB (publ);17.5;1959;20762;395.218M;9.78
OGUN-B.ST;Ogunsen AB (publ);36.4;3018;14484;390.426M;7.7
MEAB-B.ST;Malmbergs Elektriska AB (publ);48.8;2585;1438;390.4M;10.73
NICA.ST;Nanologica AB (publ);10.8;274;14515;390.378M;N/A
FLAT-B.ST;Flat Capital AB (publ);12.16;13161;27221;390.065M;N/A
REALFI.ST;Realfiction Holding AB (publ);19.45;8477;18669;384.386M;N/A
INIT.ST;Initiator Pharma A/S;7.28;42088;49584;381.195M;N/A
BUSER.ST;Bambuser AB (publ);1.798;193151;233094;379.801M;N/A
YIELD.ST;SaveLend Group AB (publ);7.08;11509;29194;379.157M;N/A
GHUS-B.ST;Götenehus Group AB (publ);3.09;100;27694;378.877M;17.17
MAGLE.ST;Magle Chemoswed Holding AB (publ);34.6;530;734;373.68M;41.69
INFREA.ST;Infrea AB;18.65;6043;28743;370.708M;8.88
KEBNI-B.ST;KebNi AB (publ);1.486;469833;1.175M;366.305M;N/A
CLBIO.ST;Corline Biomedical AB;16.85;16585;17169;363.195M;84.25
INDEX.ST;InDex Pharmaceuticals Holding AB (publ);0.668;584352;629050;355.836M;N/A
INTEG-B.ST;Integrum AB (publ);19.5;8851;27289;355.193M;N/A
ASAB.ST;Advanced Soltech Sweden AB (publ);8.95;9882;14262;354.782M;N/A
CNCJO-B.ST;Concejo AB (publ);30.2;651;5018;353.274M;N/A
AVEN.ST;Avensia AB (publ);9.48;2580;4702;351.928M;N/A
DEVP-B.ST;DevPort AB (publ);33.9;8057;6598;351.675M;9.19
META.ST;Metacon AB (publ);1.024;122202;473926;350.808M;N/A
NETM-B.ST;Netmore Group AB (publ);1.095;7893;9971;347.81M;N/A
TITA-B.ST;Titania Holding AB (publ);4.78;339;8000;347.384M;N/A
PION-B.ST;PION Group AB (publ);7.15;5238;18902;344.456M;12.12
SOLNA.ST;Solnaberg Property AB (publ);90.5;5;1007;342.191M;N/A
CLAV.ST;Clavister Holding AB (publ.);6;39906;69316;339.182M;N/A
CASE.ST;Case Group AB (publ);15.3;499;822;337.925M;N/A
KOPY.ST;Kopy Goldfields AB (publ);0.374;13502;70922;337.798M;N/A
FASTAT.ST;Aktiebolaget Fastator (publ);4.32;21935;53344;335.718M;N/A
NELLY.ST;Nelly Group AB (publ);11;128334;157424;334.853M;N/A
CANDLE-B.ST;Candles Scandinavia AB (publ);38.7;5141;7500;334.796M;N/A
LCLEAN.ST;LifeClean International AB (publ);7.16;12035;39056;334.474M;N/A
OXE.ST;OXE Marine AB (publ);1.075;13779;56820;326.873M;N/A
EPIS-B.ST;Episurf Medical AB (publ);1.212;482329;415977;323.683M;N/A
FREEM.ST;Freemelt Holding AB (publ);6.72;22;10242;319.872M;N/A
ALZCUR.ST;AlzeCure Pharma AB (publ);5.08;7080;35867;315.402M;N/A
HEXI.ST;Hexicon AB (publ);0.856;227693;1.173M;311.415M;N/A
OBAB.ST;Online Brands Nordic AB (publ);14.75;63;2738;309.869M;N/A
PRCO-B.ST;Precio Fishbone AB (publ);33.4;211;1407;306.469M;19.53
VO2.ST;Vo2 Cap Holding AB (publ);5.68;9427;7218;303.771M;23.67
CE.ST;Cortus Energy AB (publ);0.142;5.499M;4.042M;303.389M;N/A
MIDS.ST;Midsummer AB (publ);2.34;167753;408117;302.796M;N/A
PTRK.ST;Physitrack PLC;18.35;14434;28475;298.386M;91.75
HIGHCO-B.ST;High Coast Distillery AB (Publ);53.4;220;938;297.769M;36.08
PENG-B.ST;Projektengagemang Sweden AB (publ);12.2;3;7574;293.46M;32.97
TAGM-B.ST;TagMaster AB (publ);19.85;17110;15949;290.763M;7.06
DIGN.ST;Dignitana AB (publ);3.97;3666;8782;279.783M;N/A
DDM.ST;DDM Holding AG;20.4;15;487;276.632M;N/A
MOMENT.ST;Moment Group AB;12.1;10270;30044;273.459M;3.97
CCOR-B.ST;Concordia Maritime AB (publ);5.64;77229;19770;269.196M;1.71
BONAS.ST;Bonäsudden Holding AB (publ);160;450;87;268.8M;N/A
ACROUD.ST;Acroud AB (publ);1.965;33458;33607;267.969M;N/A
QUART-PREF.ST;Quartiers Properties AB (publ);9.3;784;5866;267.606M;N/A
NEXAM.ST;Nexam Chemical Holding AB (publ);3.3;89494;136240;267.022M;N/A
HILB-B.ST;Hilbert Group AB (publ);5.04;34812;43315;263.258M;N/A
ABLI.ST;Abliva AB (publ);0.248;3.774M;1.794M;261.962M;N/A
SENZA.ST;SenzaGen AB;10.75;64;7479;260.024M;N/A
BYGGP.ST;ByggPartner Gruppen AB (publ);11.36;36266;28549;259.556M;N/A
WISE.ST;Wise Group AB (publ);34.8;3148;6928;257.202M;17.4
DRIL.ST;Drillcon AB (publ);5.58;2114;14604;254.817M;55.8
STUDBO.ST;Studentbostäder i Norden AB (publ);1.12;33311;208475;254.202M;N/A
ATORX.ST;Alligator Bioscience AB (publ);0.4055;461279;3.064M;252.86M;N/A
QLOSR-B.ST;Qlosr Group AB (publ);4.39;365;11723;251.682M;N/A
SODER.ST;Söder Sportfiske AB;28.7;532;1608;242.126M;77.57
ORT-B.ST;Ortoma AB (publ);7.6;7052;19452;240.696M;N/A
FAGA.ST;Fantasma Games AB (publ);66.8;1401;7277;237.577M;155.35
BUILD.ST;BuildData Group AB (publ);3.46;32526;149837;235.874M;N/A
RO.ST;Rolling Optics Holding AB (publ);1.07;19654;94343;232.742M;N/A
ACTI.ST;Active Biotech AB (publ);0.873;102745;437491;231.472M;N/A
WAYS.ST;Waystream Group AB;28.25;18186;46447;227.971M;19.62
NANEXA.ST;Nanexa AB (publ);3.75;40272;34168;227.608M;N/A
FRAG.ST;Fragbite Group AB (publ);2.505;19724;43017;227.136M;N/A
TRAD.ST;TradeDoubler AB (publ);4.87;8897;24299;225.255M;12.17
FLEXQ.ST;FlexQube AB (publ);27.2;885;2089;223.947M;N/A
LAMM-B.ST;Lammhults Design Group AB (publ);26.5;31;6366;223.875M;101.92
OPTI.ST;OptiCept Technologies AB (publ);7.53;12466;76806;222.644M;N/A
INCOAX.ST;InCoax Networks AB (publ);3.05;10429;44170;219.919M;N/A
ALBERT.ST;eEducation Albert AB (publ);8.5;10817;29285;213.596M;N/A
BONG.ST;Bong AB (publ);0.996;143888;212511;210.36M;4.98
HEIM-PREF.ST;Heimstaden AB (publ);13.5;15488;99140;209.895M;0.15
STRAX.ST;Strax AB (publ);1.7;7598;72723;205.006M;N/A
QLINEA.ST;Q-linea AB (publ);7;629376;400041;204.466M;N/A
ICO.ST;Iconovo AB (publ);20;2226;5370;204.45M;N/A
ACARIX.ST;Acarix AB (publ);0.52;743482;1.268M;203.886M;N/A
POLYG.ST;Polygiene Group AB;5.49;16003;31694;200.533M;274.5
ORTI-B.ST;Ortivus AB (publ);4.44;29534;9113;199.902M;44.4
ECC-B.ST;Ecoclime Group AB (publ);4.32;4225;37533;199.701M;N/A
IRIS.ST;Irisity AB (publ);5.13;22449;45398;196.491M;N/A
LEMSE.ST;Leading Edge Materials Corp.;1.18;43859;65344;195.318M;N/A
AVT-B.ST;AVTECH Sweden AB (publ);3.44;661;33292;194.29M;28.67
NOTEK.ST;Norditek Group AB (publ);15.35;1067;10512;193.989M;17.06
SFTR.ST;Safeture AB (publ);4.8;27885;7489;193.575M;N/A
ACOU.ST;AcouSort AB (publ);14.45;704;6593;190.773M;N/A
GOMX.ST;GomSpace Group AB (publ);1.345;109819;144463;189.2M;N/A
PLUN.ST;ProstaLund AB (publ);2.47;75686;89122;189.174M;N/A
ORTI-A.ST;Ortivus AB (publ);5.95;300;572;187.953M;54.09
ZWIPE.ST;Zwipe AS;3.1;18959;41436;187.042M;N/A
AGTIRA-B.ST;Agtira AB;12.1;1969;4225;186.958M;N/A
DSNO.ST;Desenio Group AB (publ);1.228;33453;177301;183.074M;N/A
LINKAB.ST;Link Prop Investment AB (publ);122;29;843;179.34M;17.68
AXIC-A.ST;aXichem AB;8.3;16795;26804;178.419M;N/A
VIMAB.ST;Vimab Group AB (publ);8.69;1533;5134;176.667M;N/A
HAV-B.ST;Havsfrun Investment AB (publ);14.38;941;3820;174.083M;N/A
SCIB.ST;SciBase Holding AB (publ);1.444;102639;118386;173.036M;N/A
DIST.ST;DistIT AB (publ);5.9;5704;27495;172.604M;N/A
ALPCOT-B.ST;Alpcot Holding AB (publ);1.235;1869;19484;170.316M;N/A
WYLD.ST;Wyld Networks AB (publ);12.58;1.63M;127531;167.787M;N/A
NNH.ST;New Nordic Healthbrands AB (publ);27;556;3200;167.27M;N/A
CRNO-B.ST;Cereno Scientific AB (publ);0.714;5.037M;1.585M;166.915M;N/A
EXPRS2.ST;ExpreS2ion Biotech Holding AB (publ);3.41;247551;206165;166.369M;N/A
NAIG-B.ST;Nordic Asia Investment Group 1987 AB (publ);5.04;11262;12159;162.411M;N/A
NEPA.ST;Nepa AB (publ);20.6;8256;14829;161.982M;32.19
NOSA.ST;Nosa Plugs AB (publ);0.9;645915;330344;161.535M;N/A
LINKFI.ST;Linkfire A/S;1.395;19996;118422;160.41M;N/A
MOB.ST;Moberg Pharma AB (publ);14.2;2.122M;230507;155.518M;N/A
LITI.ST;Litium AB (publ);9.18;1294;11430;152.261M;N/A
JLT.ST;JLT Mobile Computers AB (publ);5.3;3772;6775;152.174M;31.18
HIFA-B.ST;Hifab Group AB (publ);2.5;17292;4865;152.097M;20.83
TSEC.ST;Tempest Security AB (publ);14.4;380;2385;150.962M;13.98
CEDER.ST;Cedergrenska AB (publ);13;1000;1934;150.79M;N/A
ALZ.ST;Alzinova AB (publ);3.385;33848;88638;150.738M;N/A
CLEM.ST;Clemondo Group AB (publ);1.08;514793;186958;149.545M;21.6
SBOK.ST;ScandBook Holding AB (publ);32;2263;1624;147.092M;7.82
BEAMMW-B.ST;BeammWave AB (publ);11;2013;5023;144.778M;N/A
SILEON.ST;Sileon AB (publ);4.25;10156;14834;143.623M;N/A
NXTCL.ST;NextCell Pharma AB;4.14;19696;27946;142.331M;N/A
IRRAS.ST;IRRAS AB (publ);0.1789;1.133M;2.503M;142.192M;N/A
ANNX.ST;Annexin Pharmaceuticals AB (publ);0.868;79196;45741;140.5M;N/A
AERO.ST;Svenska Aerogel Holding AB (publ);0.268;199180;969486;139.525M;N/A
AAC.ST;AAC Clyde Space AB (publ);0.666;644317;737666;139.203M;N/A
STWK.ST;Stockwik Förvaltning AB (publ);22;1284;8642;138.843M;N/A
ANOT.ST;Anoto Group AB (publ);0.414;61182;185546;137.39M;N/A
MISE.ST;Misen Energy AB (publ);0.924;19559;13149;137.256M;N/A
HEGR.ST;Hedera Group AB (publ);9.08;2956;6121;135.3M;7.44
GCOR.ST;Gaming Corps AB (publ);2.32;6799;49224;134.914M;N/A
FREJA.ST;Freja eID Group AB (publ);6.72;35879;43992;134.869M;N/A
VIVE.ST;Vivesto AB;0.2505;908735;554675;134.78M;N/A
NGENIC.ST;Ngenic AB (publ);17.5;1224;3471;134.254M;N/A
LMKG.ST;LMK Group AB (publ);10.35;11079;27778;133.809M;N/A
PURE.ST;Purefun Group AB (publ);11.9;2660;2214;133.28M;10.92
SPEONE.ST;SpectrumOne AB (publ);0.355;238465;406641;132.848M;N/A
ATIC.ST;Actic Group AB (publ);5.9;7899;37814;131.309M;N/A
STW.ST;SeaTwirl AB (publ);21.7;780;9204;129.841M;N/A
RIZZO-B.ST;Rizzo Group AB (publ);0.0772;936457;926545;128M;N/A
K2A-PREF.ST;K2A Knaust & Andersson Fastigheter AB (publ);207;260;1319;126.931M;24.52
COMBI.ST;CombiGene AB (publ);6.4;49180;24126;126.728M;N/A
GPX.ST;Gasporox AB (publ);14.65;5025;4813;126.034M;N/A
SERT.ST;Serstech AB;0.602;196656;728914;124.433M;N/A
AROC.ST;AroCell AB (publ);0.528;70740;161182;121.631M;N/A
BIOEX.ST;Bioextrax AB (publ);4.73;33301;76644;120.435M;N/A
ZICC.ST;Ziccum AB (publ);8.62;35940;47374;119.009M;N/A
AUR.ST;Auriant Mining AB (publ);1.2;630;10203;118.522M;N/A
HOYLU.ST;Hoylu AB (publ);2.4;1273;8470;118.104M;N/A
ARCOMA.ST;Arcoma AB;8.95;6;6534;118.011M;179
IS.ST;Image Systems AB;1.3;21863;61322;115.97M;18.57
REATO.ST;Reato Group AB (publ);1.95;23932;80350;115.942M;N/A
SDS.ST;Seamless Distribution Systems AB (publ);8.7;212;2384;111.498M;N/A
MODEL-B.ST;Modelon AB (publ);10.1;16622;12214;111.267M;N/A
LADYLU.ST;LL Lucky Games AB (publ);0.912;431652;98369;111.255M;N/A
MANTEX.ST;Mantex AB (publ);0.65;383985;256682;111.239M;N/A